quantity,product_id,order_id
quantity,product_id,order_id
quantity,product_id,order_id
quantity,product_id,order_id
quantity,product_id,order_id
quantity,product_id,order_id
quantity,product_id,order_id
quantity,product_id,order_id
quantity,product_id,order_id
quantity,product_id,order_id
quantity,product_id,order_id
quantity,product_id,order_id
quantity,product_id,order_id
quantity,product_id,order_id
quantity,product_id,order_id
quantity,product_id,order_id
quantity,product_id,order_id
quantity,product_id,order_id
quantity,product_id,order_id
quantity,product_id,order_id
quantity,product_id,order_id
quantity,product_id,order_id
quantity,product_id,order_id
quantity,product_id,order_id
quantity,product_id,order_id
quantity,product_id,order_id
