email,address,name,cc_num,cvv_code,zip
simonne@sanford.info,186 Cristie Forest,Mabel Goodwin,1234-2121-1221-1211,218,38721-4438
jenni@bahringer.biz,8934 Troy Forks,Mabelle Dickinson,1234-2121-1221-1211,819,67248-8640
glenn@schneider.com,765 Bahringer Roads,Mr. Loyd Boyle,1228-1221-1221-1431,871,84146-7881
holley.rath@bartolettitromp.io,210 Gema Land,Micki Mosciski,1228-1221-1221-1431,597,75907
heather@hauck.com,6570 Armanda Route,Karolyn Emard,1212-1221-1121-1234,192,68892
esta@macejkovic.co,13638 Roni Overpass,Hunter Mraz,1234-2121-1221-1211,778,23969
jina@turcotte.co,226 Brock Trail,Hugo Lang,1212-1221-1121-1234,703,44322-3703
columbus.leffler@mueller.io,6964 Sanford Junctions,Mrs. Emil Halvorson,1212-1221-1121-1234,731,10684-4347
lavon@criststiedemann.biz,663 Gleason Island,Dr. Kendra Schroeder,1212-1221-1121-1234,395,95006
cyril@runolfon.com,93180 Bogan Center,Mr. Derek Kihn,1211-1221-1234-2201,398,15749-6384
dimple@parkerwill.name,310 Green Drive,Dr. Ramona Sawayn,1234-2121-1221-1211,195,76676-2250
magan.bashirian@lehner.io,77870 Daugherty Dale,Mrs. Damaris Goodwin,1211-1221-1234-2201,432,90044
basil.romaguera@lemke.info,78407 Cummerata Plaza,Sammie Feil,1234-2121-1221-1211,842,95323
kimberli@heller.net,459 Jewel Mission,Numbers Satterfield,1228-1221-1221-1431,650,65749-4439
maryln.pfeffer@stamm.com,341 Gibson Roads,Johnna Emard,1212-1221-1121-1234,657,35477-4588
trey@ziemann.net,1615 Suzy Junction,Mr. Jonah Kihn,1228-1221-1221-1431,753,61876-2463
lynnette_mills@gibsonzemlak.info,377 Annita Fort,Ms. Amos Ruecker,1234-2121-1221-1211,788,33983
daryl@frami.name,34325 Runolfsdottir Valley,Christoper O'Connell,1212-1221-1121-1234,872,47843-6088
caroll_heathcote@grahamrohan.org,80713 Johnston Groves,Whitley Lemke,1228-1221-1221-1431,663,25424-2615
wally@nikolaus.io,398 Clemente Falls,Frederic Altenwerth,1211-1221-1234-2201,125,00400-3462
herb_bradtke@rathbayer.com,2694 Bode Circle,Oliva Larkin III,1234-2121-1221-1211,589,67873-2195
lisha_bode@effertz.co,54445 Joshua Estate,Mr. Arron Schroeder,1211-1221-1234-2201,179,48798-8718
thomasine.labadie@johnson.co,91838 Marks Club,Mrs. Antwan Considine,1228-1221-1221-1431,133,12809-8866
clair@bernier.name,94974 Benedict Greens,Cory Hilpert,1228-1221-1221-1431,901,23083
bud@mcclurehegmann.info,9212 Patrick Plaza,Ms. Cedric Kilback,1211-1221-1234-2201,524,29614-8411
