username,email
Brant McLaughlin V,laurence.wisozk@hansen.com
Su Aufderhar,tona.huel@kuhiclittel.name
Cassi Stokes Sr.,andres.white@moore.io
Ms. Doug Corwin,aleisha@romaguera.io
Philip Fahey,lynnette@schaden.co
Edwardo Oberbrunner,minta.schaden@pfeffer.biz
Freeda Connelly MD,delisa@spinka.info
Arianne Osinski,carmelo@glover.com
Douglass Leannon,winford@prohaska.co
Clement Carter,cinthia@balistreri.name
Devin Stanton,tiffiny@wehnerweber.net
Jackson Hirthe DVM,ethelyn@runolfonkeeling.name
Kimberely Kshlerin,lowell@harrichinner.co
Ms. Yong Luettgen,lee@miller.name
Dr. Coralee Schulist,milton_beier@schmittbashirian.org
Cecille Christiansen III,silas_littel@wyman.org
Miss Calvin Gibson,joanie@volkman.com
Gertude Ortiz,annelle@lehner.io
Nicki Batz,darryl@fritschrogahn.net
Christin Ryan DDS,louann_moriette@torphylang.com
Gordon Prohaska,wilhemina@bechtelar.org
Mrs. Mistie Treutel,scottie@keeling.info
Renae Beer,niesha@lind.biz
Sarah Halvorson,marivel@schimmelmclaughlin.info
Darren Walter Sr.,tayna.nienow@oreilly.info
